"objectid","id_no","binomial","presence","origin","seasonal","compiler","yrcompiled","citation","subspecies","subpop","event_year","source","basisofrec","catalog_no","dist_comm","island","tax_comm","legend","kingdom","phylum","class","order_","family","genus","category","latitude","longitude"
2948054,50959126,"Aeshna eremita",1,1,1,"OdonataCentral",2017,"Abbott, J.C. 2006-2017. OdonataCentral: An online resource for the distribution and identification of Odonata."," ",NA,1915,"Odonata Central","",NA,"","","","Extant (resident)","ANIMALIA","ARTHROPODA","INSECTA","ODONATA","AESHNIDAE","Aeshna","LC",43.79809952,-73.08760071
2948055,50959126,"Aeshna eremita",1,1,1,"OdonataCentral",2017,"Abbott, J.C. 2006-2017. OdonataCentral: An online resource for the distribution and identification of Odonata."," ",NA,1929,"Odonata Central","",NA,"","","","Extant (resident)","ANIMALIA","ARTHROPODA","INSECTA","ODONATA","AESHNIDAE","Aeshna","LC",47.72000122,-90.44000244
2948056,50959126,"Aeshna eremita",1,1,1,"OdonataCentral",2017,"Abbott, J.C. 2006-2017. OdonataCentral: An online resource for the distribution and identification of Odonata."," ",NA,1935,"Odonata Central","",NA,"","","","Extant (resident)","ANIMALIA","ARTHROPODA","INSECTA","ODONATA","AESHNIDAE","Aeshna","LC",47.72000122,-90.44000244
2948057,50959126,"Aeshna eremita",1,1,1,"OdonataCentral",2017,"Abbott, J.C. 2006-2017. OdonataCentral: An online resource for the distribution and identification of Odonata."," ",NA,1938,"Odonata Central","",NA,"","","","Extant (resident)","ANIMALIA","ARTHROPODA","INSECTA","ODONATA","AESHNIDAE","Aeshna","LC",47.52000046,-91.37999725
2948058,50959126,"Aeshna eremita",1,1,1,"OdonataCentral",2017,"Abbott, J.C. 2006-2017. OdonataCentral: An online resource for the distribution and identification of Odonata."," ",NA,1965,"Odonata Central","",NA,"","","","Extant (resident)","ANIMALIA","ARTHROPODA","INSECTA","ODONATA","AESHNIDAE","Aeshna","LC",47.56999969,-95.37000275
2948059,50959126,"Aeshna eremita",1,1,1,"OdonataCentral",2017,"Abbott, J.C. 2006-2017. OdonataCentral: An online resource for the distribution and identification of Odonata."," ",NA,1966,"Odonata Central","",NA,"","","","Extant (resident)","ANIMALIA","ARTHROPODA","INSECTA","ODONATA","AESHNIDAE","Aeshna","LC",47.52000046,-91.37999725
2948060,50959126,"Aeshna eremita",1,1,1,"OdonataCentral",2017,"Abbott, J.C. 2006-2017. OdonataCentral: An online resource for the distribution and identification of Odonata."," ",NA,1966,"Odonata Central","",NA,"","","","Extant (resident)","ANIMALIA","ARTHROPODA","INSECTA","ODONATA","AESHNIDAE","Aeshna","LC",47.72000122,-90.44000244
2948061,50959126,"Aeshna eremita",1,1,1,"OdonataCentral",2017,"Abbott, J.C. 2006-2017. OdonataCentral: An online resource for the distribution and identification of Odonata."," ",NA,1967,"Odonata Central","",NA,"","","","Extant (resident)","ANIMALIA","ARTHROPODA","INSECTA","ODONATA","AESHNIDAE","Aeshna","LC",47.56999969,-92.45999908
2948062,50959126,"Aeshna eremita",1,1,1,"OdonataCentral",2017,"Abbott, J.C. 2006-2017. OdonataCentral: An online resource for the distribution and identification of Odonata."," ",NA,1969,"Odonata Central","",NA,"","","","Extant (resident)","ANIMALIA","ARTHROPODA","INSECTA","ODONATA","AESHNIDAE","Aeshna","LC",47.56999969,-95.37000275
2948063,50959126,"Aeshna eremita",1,1,1,"OdonataCentral",2017,"Abbott, J.C. 2006-2017. OdonataCentral: An online resource for the distribution and identification of Odonata."," ",NA,1970,"Odonata Central","",NA,"","","","Extant (resident)","ANIMALIA","ARTHROPODA","INSECTA","ODONATA","AESHNIDAE","Aeshna","LC",47.77000046,-96.38999939
2948064,50959126,"Aeshna eremita",1,1,1,"OdonataCentral",2017,"Abbott, J.C. 2006-2017. OdonataCentral: An online resource for the distribution and identification of Odonata."," ",NA,1971,"Odonata Central","",NA,"","","","Extant (resident)","ANIMALIA","ARTHROPODA","INSECTA","ODONATA","AESHNIDAE","Aeshna","LC",47.52000046,-91.37999725
2948065,50959126,"Aeshna eremita",1,1,1,"OdonataCentral",2017,"Abbott, J.C. 2006-2017. OdonataCentral: An online resource for the distribution and identification of Odonata."," ",NA,1974,"Odonata Central","",NA,"","","","Extant (resident)","ANIMALIA","ARTHROPODA","INSECTA","ODONATA","AESHNIDAE","Aeshna","LC",44.54380035,-72.81430054
2948066,50959126,"Aeshna eremita",1,1,1,"OdonataCentral",2017,"Abbott, J.C. 2006-2017. OdonataCentral: An online resource for the distribution and identification of Odonata."," ",NA,1975,"Odonata Central","",NA,"","","","Extant (resident)","ANIMALIA","ARTHROPODA","INSECTA","ODONATA","AESHNIDAE","Aeshna","LC",45.56000137,-93.29000092
2948067,50959126,"Aeshna eremita",1,1,1,"OdonataCentral",2017,"Abbott, J.C. 2006-2017. OdonataCentral: An online resource for the distribution and identification of Odonata."," ",NA,1976,"Odonata Central","",NA,"","","","Extant (resident)","ANIMALIA","ARTHROPODA","INSECTA","ODONATA","AESHNIDAE","Aeshna","LC",45.27000046,-93.23999786
2948068,50959126,"Aeshna eremita",1,1,1,"OdonataCentral",2017,"Abbott, J.C. 2006-2017. OdonataCentral: An online resource for the distribution and identification of Odonata."," ",NA,1976,"Odonata Central","",NA,"","","","Extant (resident)","ANIMALIA","ARTHROPODA","INSECTA","ODONATA","AESHNIDAE","Aeshna","LC",48.7723999,-99.83879852
2948069,50959126,"Aeshna eremita",1,1,1,"OdonataCentral",2017,"Abbott, J.C. 2006-2017. OdonataCentral: An online resource for the distribution and identification of Odonata."," ",NA,1977,"Odonata Central","",NA,"","","","Extant (resident)","ANIMALIA","ARTHROPODA","INSECTA","ODONATA","AESHNIDAE","Aeshna","LC",45.27000046,-93.23999786
2948070,50959126,"Aeshna eremita",1,1,1,"OdonataCentral",2017,"Abbott, J.C. 2006-2017. OdonataCentral: An online resource for the distribution and identification of Odonata."," ",NA,1983,"Odonata Central","",NA,"","","","Extant (resident)","ANIMALIA","ARTHROPODA","INSECTA","ODONATA","AESHNIDAE","Aeshna","LC",40.71929932,-109.71800232
2948071,50959126,"Aeshna eremita",1,1,1,"OdonataCentral",2017,"Abbott, J.C. 2006-2017. OdonataCentral: An online resource for the distribution and identification of Odonata."," ",NA,1983,"Odonata Central","",NA,"","","","Extant (resident)","ANIMALIA","ARTHROPODA","INSECTA","ODONATA","AESHNIDAE","Aeshna","LC",46.31769943,-84.51850128
2948072,50959126,"Aeshna eremita",1,1,1,"OdonataCentral",2017,"Abbott, J.C. 2006-2017. OdonataCentral: An online resource for the distribution and identification of Odonata."," ",NA,1984,"Odonata Central","",NA,"","","","Extant (resident)","ANIMALIA","ARTHROPODA","INSECTA","ODONATA","AESHNIDAE","Aeshna","LC",40.78689957,-110.01200104
2948073,50959126,"Aeshna eremita",1,1,1,"OdonataCentral",2017,"Abbott, J.C. 2006-2017. OdonataCentral: An online resource for the distribution and identification of Odonata."," ",NA,1984,"Odonata Central","",NA,"","","","Extant (resident)","ANIMALIA","ARTHROPODA","INSECTA","ODONATA","AESHNIDAE","Aeshna","LC",40.95539856,-110.39700317
2948074,50959126,"Aeshna eremita",1,1,1,"OdonataCentral",2017,"Abbott, J.C. 2006-2017. OdonataCentral: An online resource for the distribution and identification of Odonata."," ",NA,1988,"Odonata Central","",NA,"","","","Extant (resident)","ANIMALIA","ARTHROPODA","INSECTA","ODONATA","AESHNIDAE","Aeshna","LC",42.76110077,-109.91999817
2948075,50959126,"Aeshna eremita",1,1,1,"OdonataCentral",2017,"Abbott, J.C. 2006-2017. OdonataCentral: An online resource for the distribution and identification of Odonata."," ",NA,1995,"Odonata Central","",NA,"","","","Extant (resident)","ANIMALIA","ARTHROPODA","INSECTA","ODONATA","AESHNIDAE","Aeshna","LC",39.69990158,-106.17199707
2948076,50959126,"Aeshna eremita",1,1,1,"OdonataCentral",2017,"Abbott, J.C. 2006-2017. OdonataCentral: An online resource for the distribution and identification of Odonata."," ",NA,1995,"Odonata Central","",NA,"","","","Extant (resident)","ANIMALIA","ARTHROPODA","INSECTA","ODONATA","AESHNIDAE","Aeshna","LC",43.03749847,-72.94069672
2948077,50959126,"Aeshna eremita",1,1,1,"OdonataCentral",2017,"Abbott, J.C. 2006-2017. OdonataCentral: An online resource for the distribution and identification of Odonata."," ",NA,1995,"Odonata Central","",NA,"","","","Extant (resident)","ANIMALIA","ARTHROPODA","INSECTA","ODONATA","AESHNIDAE","Aeshna","LC",43.05210114,-73.03240204
2948078,50959126,"Aeshna eremita",1,1,1,"OdonataCentral",2017,"Abbott, J.C. 2006-2017. OdonataCentral: An online resource for the distribution and identification of Odonata."," ",NA,1995,"Odonata Central","",NA,"","","","Extant (resident)","ANIMALIA","ARTHROPODA","INSECTA","ODONATA","AESHNIDAE","Aeshna","LC",43.09059906,-73.06330109
2948079,50959126,"Aeshna eremita",1,1,1,"OdonataCentral",2017,"Abbott, J.C. 2006-2017. OdonataCentral: An online resource for the distribution and identification of Odonata."," ",NA,1995,"Odonata Central","",NA,"","","","Extant (resident)","ANIMALIA","ARTHROPODA","INSECTA","ODONATA","AESHNIDAE","Aeshna","LC",43.21469879,-72.87359619
2948080,50959126,"Aeshna eremita",1,1,1,"OdonataCentral",2017,"Abbott, J.C. 2006-2017. OdonataCentral: An online resource for the distribution and identification of Odonata."," ",NA,1995,"Odonata Central","",NA,"","","","Extant (resident)","ANIMALIA","ARTHROPODA","INSECTA","ODONATA","AESHNIDAE","Aeshna","LC",43.22719955,-72.87689972
2948081,50959126,"Aeshna eremita",1,1,1,"OdonataCentral",2017,"Abbott, J.C. 2006-2017. OdonataCentral: An online resource for the distribution and identification of Odonata."," ",NA,1995,"Odonata Central","",NA,"","","","Extant (resident)","ANIMALIA","ARTHROPODA","INSECTA","ODONATA","AESHNIDAE","Aeshna","LC",43.29100037,-72.96019745
2948082,50959126,"Aeshna eremita",1,1,1,"OdonataCentral",2017,"Abbott, J.C. 2006-2017. OdonataCentral: An online resource for the distribution and identification of Odonata."," ",NA,1995,"Odonata Central","",NA,"","","","Extant (resident)","ANIMALIA","ARTHROPODA","INSECTA","ODONATA","AESHNIDAE","Aeshna","LC",43.30220032,-72.95929718
2948083,50959126,"Aeshna eremita",1,1,1,"OdonataCentral",2017,"Abbott, J.C. 2006-2017. OdonataCentral: An online resource for the distribution and identification of Odonata."," ",NA,1995,"Odonata Central","",NA,"","","","Extant (resident)","ANIMALIA","ARTHROPODA","INSECTA","ODONATA","AESHNIDAE","Aeshna","LC",43.31579971,-72.93720245
2948084,50959126,"Aeshna eremita",1,1,1,"OdonataCentral",2017,"Abbott, J.C. 2006-2017. OdonataCentral: An online resource for the distribution and identification of Odonata."," ",NA,1995,"Odonata Central","",NA,"","","","Extant (resident)","ANIMALIA","ARTHROPODA","INSECTA","ODONATA","AESHNIDAE","Aeshna","LC",43.33390045,-72.84269714
2948085,50959126,"Aeshna eremita",1,1,1,"OdonataCentral",2017,"Abbott, J.C. 2006-2017. OdonataCentral: An online resource for the distribution and identification of Odonata."," ",NA,1982,"Odonata Central","",NA,"","","","Extant (resident)","ANIMALIA","ARTHROPODA","INSECTA","ODONATA","AESHNIDAE","Aeshna","LC",43.93299866,-71.84349823
2948086,50959126,"Aeshna eremita",1,1,1,"OdonataCentral",2017,"Abbott, J.C. 2006-2017. OdonataCentral: An online resource for the distribution and identification of Odonata."," ",NA,1998,"Odonata Central","",NA,"","","","Extant (resident)","ANIMALIA","ARTHROPODA","INSECTA","ODONATA","AESHNIDAE","Aeshna","LC",44.31880188,-72.88629913
2948087,50959126,"Aeshna eremita",1,1,1,"OdonataCentral",2017,"Abbott, J.C. 2006-2017. OdonataCentral: An online resource for the distribution and identification of Odonata."," ",NA,1999,"Odonata Central","",NA,"","","","Extant (resident)","ANIMALIA","ARTHROPODA","INSECTA","ODONATA","AESHNIDAE","Aeshna","LC",44.68050003,-72.00330353
2948088,50959126,"Aeshna eremita",1,1,1,"OdonataCentral",2017,"Abbott, J.C. 2006-2017. OdonataCentral: An online resource for the distribution and identification of Odonata."," ",NA,2000,"Odonata Central","",NA,"","","","Extant (resident)","ANIMALIA","ARTHROPODA","INSECTA","ODONATA","AESHNIDAE","Aeshna","LC",44.7112999,-71.6427002
2948089,50959126,"Aeshna eremita",1,1,1,"OdonataCentral",2017,"Abbott, J.C. 2006-2017. OdonataCentral: An online resource for the distribution and identification of Odonata."," ",NA,2000,"Odonata Central","",NA,"","","","Extant (resident)","ANIMALIA","ARTHROPODA","INSECTA","ODONATA","AESHNIDAE","Aeshna","LC",44.87979889,-71.77700043
2948090,50959126,"Aeshna eremita",1,1,1,"OdonataCentral",2017,"Abbott, J.C. 2006-2017. OdonataCentral: An online resource for the distribution and identification of Odonata."," ",NA,2000,"Odonata Central","",NA,"","","","Extant (resident)","ANIMALIA","ARTHROPODA","INSECTA","ODONATA","AESHNIDAE","Aeshna","LC",48.14789963,-117.22200012
2948091,50959126,"Aeshna eremita",1,1,1,"OdonataCentral",2017,"Abbott, J.C. 2006-2017. OdonataCentral: An online resource for the distribution and identification of Odonata."," ",NA,2000,"Odonata Central","",NA,"","","","Extant (resident)","ANIMALIA","ARTHROPODA","INSECTA","ODONATA","AESHNIDAE","Aeshna","LC",48.39319992,-117.18499756
2948092,50959126,"Aeshna eremita",1,1,1,"OdonataCentral",2017,"Abbott, J.C. 2006-2017. OdonataCentral: An online resource for the distribution and identification of Odonata."," ",NA,1994,"Odonata Central","",NA,"","","","Extant (resident)","ANIMALIA","ARTHROPODA","INSECTA","ODONATA","AESHNIDAE","Aeshna","LC",43.33390045,-72.84269714
2948093,50959126,"Aeshna eremita",1,1,1,"OdonataCentral",2017,"Abbott, J.C. 2006-2017. OdonataCentral: An online resource for the distribution and identification of Odonata."," ",NA,1994,"Odonata Central","",NA,"","","","Extant (resident)","ANIMALIA","ARTHROPODA","INSECTA","ODONATA","AESHNIDAE","Aeshna","LC",43.34059906,-72.94180298
2948094,50959126,"Aeshna eremita",1,1,1,"OdonataCentral",2017,"Abbott, J.C. 2006-2017. OdonataCentral: An online resource for the distribution and identification of Odonata."," ",NA,2004,"Odonata Central","",NA,"","","","Extant (resident)","ANIMALIA","ARTHROPODA","INSECTA","ODONATA","AESHNIDAE","Aeshna","LC",44.68050003,-72.00330353
2948095,50959126,"Aeshna eremita",1,1,1,"OdonataCentral",2017,"Abbott, J.C. 2006-2017. OdonataCentral: An online resource for the distribution and identification of Odonata."," ",NA,2004,"Odonata Central","",NA,"","","","Extant (resident)","ANIMALIA","ARTHROPODA","INSECTA","ODONATA","AESHNIDAE","Aeshna","LC",45.11380005,-93.29499817
2948096,50959126,"Aeshna eremita",1,1,1,"OdonataCentral",2017,"Abbott, J.C. 2006-2017. OdonataCentral: An online resource for the distribution and identification of Odonata."," ",NA,2004,"Odonata Central","",NA,"","","","Extant (resident)","ANIMALIA","ARTHROPODA","INSECTA","ODONATA","AESHNIDAE","Aeshna","LC",48.39319992,-117.18499756
2948097,50959126,"Aeshna eremita",1,1,1,"OdonataCentral",2017,"Abbott, J.C. 2006-2017. OdonataCentral: An online resource for the distribution and identification of Odonata."," ",NA,2004,"Odonata Central","",NA,"","","","Extant (resident)","ANIMALIA","ARTHROPODA","INSECTA","ODONATA","AESHNIDAE","Aeshna","LC",48.46960068,-118.50900269
2948098,50959126,"Aeshna eremita",1,1,1,"OdonataCentral",2017,"Abbott, J.C. 2006-2017. OdonataCentral: An online resource for the distribution and identification of Odonata."," ",NA,2004,"Odonata Central","",NA,"","","","Extant (resident)","ANIMALIA","ARTHROPODA","INSECTA","ODONATA","AESHNIDAE","Aeshna","LC",48.65710068,-117.48699951
2948099,50959126,"Aeshna eremita",1,1,1,"OdonataCentral",2017,"Abbott, J.C. 2006-2017. OdonataCentral: An online resource for the distribution and identification of Odonata."," ",NA,2004,"Odonata Central","",NA,"","","","Extant (resident)","ANIMALIA","ARTHROPODA","INSECTA","ODONATA","AESHNIDAE","Aeshna","LC",48.65779877,-117.47299957
2948100,50959126,"Aeshna eremita",1,1,1,"OdonataCentral",2017,"Abbott, J.C. 2006-2017. OdonataCentral: An online resource for the distribution and identification of Odonata."," ",NA,1996,"Odonata Central","",NA,"","","","Extant (resident)","ANIMALIA","ARTHROPODA","INSECTA","ODONATA","AESHNIDAE","Aeshna","LC",39.71900177,-106.16799927
2948101,50959126,"Aeshna eremita",1,1,1,"OdonataCentral",2017,"Abbott, J.C. 2006-2017. OdonataCentral: An online resource for the distribution and identification of Odonata."," ",NA,1996,"Odonata Central","",NA,"","","","Extant (resident)","ANIMALIA","ARTHROPODA","INSECTA","ODONATA","AESHNIDAE","Aeshna","LC",44.8042984,-71.86669922
2948102,50959126,"Aeshna eremita",1,1,1,"OdonataCentral",2017,"Abbott, J.C. 2006-2017. OdonataCentral: An online resource for the distribution and identification of Odonata."," ",NA,1997,"Odonata Central","",NA,"","","","Extant (resident)","ANIMALIA","ARTHROPODA","INSECTA","ODONATA","AESHNIDAE","Aeshna","LC",44.68050003,-72.00330353
2948103,50959126,"Aeshna eremita",1,1,1,"OdonataCentral",2017,"Abbott, J.C. 2006-2017. OdonataCentral: An online resource for the distribution and identification of Odonata."," ",NA,2001,"Odonata Central","",NA,"","","","Extant (resident)","ANIMALIA","ARTHROPODA","INSECTA","ODONATA","AESHNIDAE","Aeshna","LC",44.25880051,-72.42919922
2948104,50959126,"Aeshna eremita",1,1,1,"OdonataCentral",2017,"Abbott, J.C. 2006-2017. OdonataCentral: An online resource for the distribution and identification of Odonata."," ",NA,2002,"Odonata Central","",NA,"","","","Extant (resident)","ANIMALIA","ARTHROPODA","INSECTA","ODONATA","AESHNIDAE","Aeshna","LC",44.25,-72.42160034
2948105,50959126,"Aeshna eremita",1,1,1,"OdonataCentral",2017,"Abbott, J.C. 2006-2017. OdonataCentral: An online resource for the distribution and identification of Odonata."," ",NA,2002,"Odonata Central","",NA,"","","","Extant (resident)","ANIMALIA","ARTHROPODA","INSECTA","ODONATA","AESHNIDAE","Aeshna","LC",48.3125,-120.27600098
2948106,50959126,"Aeshna eremita",1,1,1,"OdonataCentral",2017,"Abbott, J.C. 2006-2017. OdonataCentral: An online resource for the distribution and identification of Odonata."," ",NA,2006,"Odonata Central","",NA,"","","","Extant (resident)","ANIMALIA","ARTHROPODA","INSECTA","ODONATA","AESHNIDAE","Aeshna","LC",40.65190125,-110.96800232
2948107,50959126,"Aeshna eremita",1,1,1,"OdonataCentral",2017,"Abbott, J.C. 2006-2017. OdonataCentral: An online resource for the distribution and identification of Odonata."," ",NA,2006,"Odonata Central","",NA,"","","","Extant (resident)","ANIMALIA","ARTHROPODA","INSECTA","ODONATA","AESHNIDAE","Aeshna","LC",40.93500137,-110.61399841
2948108,50959126,"Aeshna eremita",1,1,1,"OdonataCentral",2017,"Abbott, J.C. 2006-2017. OdonataCentral: An online resource for the distribution and identification of Odonata."," ",NA,2006,"Odonata Central","",NA,"","","","Extant (resident)","ANIMALIA","ARTHROPODA","INSECTA","ODONATA","AESHNIDAE","Aeshna","LC",43.02199936,-73.18039703
2948109,50959126,"Aeshna eremita",1,1,1,"OdonataCentral",2017,"Abbott, J.C. 2006-2017. OdonataCentral: An online resource for the distribution and identification of Odonata."," ",NA,2006,"Odonata Central","",NA,"","","","Extant (resident)","ANIMALIA","ARTHROPODA","INSECTA","ODONATA","AESHNIDAE","Aeshna","LC",43.34059906,-72.94180298
2948110,50959126,"Aeshna eremita",1,1,1,"OdonataCentral",2017,"Abbott, J.C. 2006-2017. OdonataCentral: An online resource for the distribution and identification of Odonata."," ",NA,2006,"Odonata Central","",NA,"","","","Extant (resident)","ANIMALIA","ARTHROPODA","INSECTA","ODONATA","AESHNIDAE","Aeshna","LC",43.49560165,-73.91619873
2948111,50959126,"Aeshna eremita",1,1,1,"OdonataCentral",2017,"Abbott, J.C. 2006-2017. OdonataCentral: An online resource for the distribution and identification of Odonata."," ",NA,2006,"Odonata Central","",NA,"","","","Extant (resident)","ANIMALIA","ARTHROPODA","INSECTA","ODONATA","AESHNIDAE","Aeshna","LC",44.11460114,-72.17700195
2948112,50959126,"Aeshna eremita",1,1,1,"OdonataCentral",2017,"Abbott, J.C. 2006-2017. OdonataCentral: An online resource for the distribution and identification of Odonata."," ",NA,2006,"Odonata Central","",NA,"","","","Extant (resident)","ANIMALIA","ARTHROPODA","INSECTA","ODONATA","AESHNIDAE","Aeshna","LC",44.24100113,-72.24909973
2948113,50959126,"Aeshna eremita",1,1,1,"OdonataCentral",2017,"Abbott, J.C. 2006-2017. OdonataCentral: An online resource for the distribution and identification of Odonata."," ",NA,2006,"Odonata Central","",NA,"","","","Extant (resident)","ANIMALIA","ARTHROPODA","INSECTA","ODONATA","AESHNIDAE","Aeshna","LC",44.3042984,-74.3986969
2948114,50959126,"Aeshna eremita",1,1,1,"OdonataCentral",2017,"Abbott, J.C. 2006-2017. OdonataCentral: An online resource for the distribution and identification of Odonata."," ",NA,2006,"Odonata Central","",NA,"","","","Extant (resident)","ANIMALIA","ARTHROPODA","INSECTA","ODONATA","AESHNIDAE","Aeshna","LC",44.72719955,-71.66210175
2948115,50959126,"Aeshna eremita",1,1,1,"OdonataCentral",2017,"Abbott, J.C. 2006-2017. OdonataCentral: An online resource for the distribution and identification of Odonata."," ",NA,2006,"Odonata Central","",NA,"","","","Extant (resident)","ANIMALIA","ARTHROPODA","INSECTA","ODONATA","AESHNIDAE","Aeshna","LC",44.8606987,-72.27739716
2948116,50959126,"Aeshna eremita",1,1,1,"OdonataCentral",2017,"Abbott, J.C. 2006-2017. OdonataCentral: An online resource for the distribution and identification of Odonata."," ",NA,2006,"Odonata Central","",NA,"","","","Extant (resident)","ANIMALIA","ARTHROPODA","INSECTA","ODONATA","AESHNIDAE","Aeshna","LC",44.86869812,-72.30870056
2948117,50959126,"Aeshna eremita",1,1,1,"OdonataCentral",2017,"Abbott, J.C. 2006-2017. OdonataCentral: An online resource for the distribution and identification of Odonata."," ",NA,2006,"Odonata Central","",NA,"","","","Extant (resident)","ANIMALIA","ARTHROPODA","INSECTA","ODONATA","AESHNIDAE","Aeshna","LC",44.87979889,-71.77700043
2948118,50959126,"Aeshna eremita",1,1,1,"OdonataCentral",2017,"Abbott, J.C. 2006-2017. OdonataCentral: An online resource for the distribution and identification of Odonata."," ",NA,2007,"Odonata Central","",NA,"","","","Extant (resident)","ANIMALIA","ARTHROPODA","INSECTA","ODONATA","AESHNIDAE","Aeshna","LC",40.68379974,-110.96299744
2948119,50959126,"Aeshna eremita",1,1,1,"OdonataCentral",2017,"Abbott, J.C. 2006-2017. OdonataCentral: An online resource for the distribution and identification of Odonata."," ",NA,2007,"Odonata Central","",NA,"","","","Extant (resident)","ANIMALIA","ARTHROPODA","INSECTA","ODONATA","AESHNIDAE","Aeshna","LC",41.68159866,-74.35669708
2948120,50959126,"Aeshna eremita",1,1,1,"OdonataCentral",2017,"Abbott, J.C. 2006-2017. OdonataCentral: An online resource for the distribution and identification of Odonata."," ",NA,2007,"Odonata Central","",NA,"","","","Extant (resident)","ANIMALIA","ARTHROPODA","INSECTA","ODONATA","AESHNIDAE","Aeshna","LC",43.66469955,-74.70279694
2948121,50959126,"Aeshna eremita",1,1,1,"OdonataCentral",2017,"Abbott, J.C. 2006-2017. OdonataCentral: An online resource for the distribution and identification of Odonata."," ",NA,2007,"Odonata Central","",NA,"","","","Extant (resident)","ANIMALIA","ARTHROPODA","INSECTA","ODONATA","AESHNIDAE","Aeshna","LC",44.14009857,-74.86070251
2948122,50959126,"Aeshna eremita",1,1,1,"OdonataCentral",2017,"Abbott, J.C. 2006-2017. OdonataCentral: An online resource for the distribution and identification of Odonata."," ",NA,2007,"Odonata Central","",NA,"","","","Extant (resident)","ANIMALIA","ARTHROPODA","INSECTA","ODONATA","AESHNIDAE","Aeshna","LC",44.15380096,-74.79679871
2948123,50959126,"Aeshna eremita",1,1,1,"OdonataCentral",2017,"Abbott, J.C. 2006-2017. OdonataCentral: An online resource for the distribution and identification of Odonata."," ",NA,2007,"Odonata Central","",NA,"","","","Extant (resident)","ANIMALIA","ARTHROPODA","INSECTA","ODONATA","AESHNIDAE","Aeshna","LC",44.25170135,-73.97160339
2948124,50959126,"Aeshna eremita",1,1,1,"OdonataCentral",2017,"Abbott, J.C. 2006-2017. OdonataCentral: An online resource for the distribution and identification of Odonata."," ",NA,2007,"Odonata Central","",NA,"","","","Extant (resident)","ANIMALIA","ARTHROPODA","INSECTA","ODONATA","AESHNIDAE","Aeshna","LC",44.32360077,-75.71330261
2948125,50959126,"Aeshna eremita",1,1,1,"OdonataCentral",2017,"Abbott, J.C. 2006-2017. OdonataCentral: An online resource for the distribution and identification of Odonata."," ",NA,2007,"Odonata Central","",NA,"","","","Extant (resident)","ANIMALIA","ARTHROPODA","INSECTA","ODONATA","AESHNIDAE","Aeshna","LC",44.54850006,-72.81040192
2948126,50959126,"Aeshna eremita",1,1,1,"OdonataCentral",2017,"Abbott, J.C. 2006-2017. OdonataCentral: An online resource for the distribution and identification of Odonata."," ",NA,2007,"Odonata Central","",NA,"","","","Extant (resident)","ANIMALIA","ARTHROPODA","INSECTA","ODONATA","AESHNIDAE","Aeshna","LC",44.55479813,-72.80480194
2948127,50959126,"Aeshna eremita",1,1,1,"OdonataCentral",2017,"Abbott, J.C. 2006-2017. OdonataCentral: An online resource for the distribution and identification of Odonata."," ",NA,2007,"Odonata Central","",NA,"","","","Extant (resident)","ANIMALIA","ARTHROPODA","INSECTA","ODONATA","AESHNIDAE","Aeshna","LC",44.61199951,-75.27159882
2948128,50959126,"Aeshna eremita",1,1,1,"OdonataCentral",2017,"Abbott, J.C. 2006-2017. OdonataCentral: An online resource for the distribution and identification of Odonata."," ",NA,2007,"Odonata Central","",NA,"","","","Extant (resident)","ANIMALIA","ARTHROPODA","INSECTA","ODONATA","AESHNIDAE","Aeshna","LC",46.44660187,-113.05799866
2948129,50959126,"Aeshna eremita",1,1,1,"OdonataCentral",2017,"Abbott, J.C. 2006-2017. OdonataCentral: An online resource for the distribution and identification of Odonata."," ",NA,2007,"Odonata Central","",NA,"","","","Extant (resident)","ANIMALIA","ARTHROPODA","INSECTA","ODONATA","AESHNIDAE","Aeshna","LC",47.65859985,-91.46269989
2948130,50959126,"Aeshna eremita",1,1,1,"OdonataCentral",2017,"Abbott, J.C. 2006-2017. OdonataCentral: An online resource for the distribution and identification of Odonata."," ",NA,2007,"Odonata Central","",NA,"","","","Extant (resident)","ANIMALIA","ARTHROPODA","INSECTA","ODONATA","AESHNIDAE","Aeshna","LC",47.71409988,-93.82700348
2948131,50959126,"Aeshna eremita",1,1,1,"OdonataCentral",2017,"Abbott, J.C. 2006-2017. OdonataCentral: An online resource for the distribution and identification of Odonata."," ",NA,2007,"Odonata Central","",NA,"","","","Extant (resident)","ANIMALIA","ARTHROPODA","INSECTA","ODONATA","AESHNIDAE","Aeshna","LC",50.11090088,-95.59809875
2948132,50959126,"Aeshna eremita",1,1,1,"OdonataCentral",2017,"Abbott, J.C. 2006-2017. OdonataCentral: An online resource for the distribution and identification of Odonata."," ",NA,2007,"Odonata Central","",NA,"","","","Extant (resident)","ANIMALIA","ARTHROPODA","INSECTA","ODONATA","AESHNIDAE","Aeshna","LC",59.98880005,-152.65800476
2948133,50959126,"Aeshna eremita",1,1,1,"OdonataCentral",2017,"Abbott, J.C. 2006-2017. OdonataCentral: An online resource for the distribution and identification of Odonata."," ",NA,2007,"Odonata Central","",NA,"","","","Extant (resident)","ANIMALIA","ARTHROPODA","INSECTA","ODONATA","AESHNIDAE","Aeshna","LC",59.98920059,-152.68400574
2948134,50959126,"Aeshna eremita",1,1,1,"OdonataCentral",2017,"Abbott, J.C. 2006-2017. OdonataCentral: An online resource for the distribution and identification of Odonata."," ",NA,2005,"Odonata Central","",NA,"","","","Extant (resident)","ANIMALIA","ARTHROPODA","INSECTA","ODONATA","AESHNIDAE","Aeshna","LC",41.70209885,-74.34649658
2948135,50959126,"Aeshna eremita",1,1,1,"OdonataCentral",2017,"Abbott, J.C. 2006-2017. OdonataCentral: An online resource for the distribution and identification of Odonata."," ",NA,2005,"Odonata Central","",NA,"","","","Extant (resident)","ANIMALIA","ARTHROPODA","INSECTA","ODONATA","AESHNIDAE","Aeshna","LC",41.72499847,-74.23410034
2948136,50959126,"Aeshna eremita",1,1,1,"OdonataCentral",2017,"Abbott, J.C. 2006-2017. OdonataCentral: An online resource for the distribution and identification of Odonata."," ",NA,2005,"Odonata Central","",NA,"","","","Extant (resident)","ANIMALIA","ARTHROPODA","INSECTA","ODONATA","AESHNIDAE","Aeshna","LC",44.1935997,-74.48690033
2948137,50959126,"Aeshna eremita",1,1,1,"OdonataCentral",2017,"Abbott, J.C. 2006-2017. OdonataCentral: An online resource for the distribution and identification of Odonata."," ",NA,2005,"Odonata Central","",NA,"","","","Extant (resident)","ANIMALIA","ARTHROPODA","INSECTA","ODONATA","AESHNIDAE","Aeshna","LC",44.44680023,-74.21479797
2948138,50959126,"Aeshna eremita",1,1,1,"OdonataCentral",2017,"Abbott, J.C. 2006-2017. OdonataCentral: An online resource for the distribution and identification of Odonata."," ",NA,2005,"Odonata Central","",NA,"","","","Extant (resident)","ANIMALIA","ARTHROPODA","INSECTA","ODONATA","AESHNIDAE","Aeshna","LC",48.39319992,-117.18499756
2948139,50959126,"Aeshna eremita",1,1,1,"OdonataCentral",2017,"Abbott, J.C. 2006-2017. OdonataCentral: An online resource for the distribution and identification of Odonata."," ",NA,2005,"Odonata Central","",NA,"","","","Extant (resident)","ANIMALIA","ARTHROPODA","INSECTA","ODONATA","AESHNIDAE","Aeshna","LC",48.65710068,-117.48699951
2948140,50959126,"Aeshna eremita",1,1,1,"OdonataCentral",2017,"Abbott, J.C. 2006-2017. OdonataCentral: An online resource for the distribution and identification of Odonata."," ",NA,2009,"Odonata Central","",NA,"","","","Extant (resident)","ANIMALIA","ARTHROPODA","INSECTA","ODONATA","AESHNIDAE","Aeshna","LC",40.63909912,-105.84100342
2948141,50959126,"Aeshna eremita",1,1,1,"OdonataCentral",2017,"Abbott, J.C. 2006-2017. OdonataCentral: An online resource for the distribution and identification of Odonata."," ",NA,2009,"Odonata Central","",NA,"","","","Extant (resident)","ANIMALIA","ARTHROPODA","INSECTA","ODONATA","AESHNIDAE","Aeshna","LC",41.68239975,-74.3506012
2948142,50959126,"Aeshna eremita",1,1,1,"OdonataCentral",2017,"Abbott, J.C. 2006-2017. OdonataCentral: An online resource for the distribution and identification of Odonata."," ",NA,2009,"Odonata Central","",NA,"","","","Extant (resident)","ANIMALIA","ARTHROPODA","INSECTA","ODONATA","AESHNIDAE","Aeshna","LC",42.7806015,-73.42630005
2948143,50959126,"Aeshna eremita",1,1,1,"OdonataCentral",2017,"Abbott, J.C. 2006-2017. OdonataCentral: An online resource for the distribution and identification of Odonata."," ",NA,2009,"Odonata Central","",NA,"","","","Extant (resident)","ANIMALIA","ARTHROPODA","INSECTA","ODONATA","AESHNIDAE","Aeshna","LC",44.00310135,-73.81700134
2948144,50959126,"Aeshna eremita",1,1,1,"OdonataCentral",2017,"Abbott, J.C. 2006-2017. OdonataCentral: An online resource for the distribution and identification of Odonata."," ",NA,2009,"Odonata Central","",NA,"","","","Extant (resident)","ANIMALIA","ARTHROPODA","INSECTA","ODONATA","AESHNIDAE","Aeshna","LC",44.11830139,-73.98059845
2948145,50959126,"Aeshna eremita",1,1,1,"OdonataCentral",2017,"Abbott, J.C. 2006-2017. OdonataCentral: An online resource for the distribution and identification of Odonata."," ",NA,2009,"Odonata Central","",NA,"","","","Extant (resident)","ANIMALIA","ARTHROPODA","INSECTA","ODONATA","AESHNIDAE","Aeshna","LC",44.11980057,-73.98100281
2948146,50959126,"Aeshna eremita",1,1,1,"OdonataCentral",2017,"Abbott, J.C. 2006-2017. OdonataCentral: An online resource for the distribution and identification of Odonata."," ",NA,2009,"Odonata Central","",NA,"","","","Extant (resident)","ANIMALIA","ARTHROPODA","INSECTA","ODONATA","AESHNIDAE","Aeshna","LC",44.17300034,-73.08280182
2948147,50959126,"Aeshna eremita",1,1,1,"OdonataCentral",2017,"Abbott, J.C. 2006-2017. OdonataCentral: An online resource for the distribution and identification of Odonata."," ",NA,2009,"Odonata Central","",NA,"","","","Extant (resident)","ANIMALIA","ARTHROPODA","INSECTA","ODONATA","AESHNIDAE","Aeshna","LC",44.49449921,-74.43430328
2948148,50959126,"Aeshna eremita",1,1,1,"OdonataCentral",2017,"Abbott, J.C. 2006-2017. OdonataCentral: An online resource for the distribution and identification of Odonata."," ",NA,2009,"Odonata Central","",NA,"","","","Extant (resident)","ANIMALIA","ARTHROPODA","INSECTA","ODONATA","AESHNIDAE","Aeshna","LC",44.49760056,-74.457901
2948149,50959126,"Aeshna eremita",1,1,1,"OdonataCentral",2017,"Abbott, J.C. 2006-2017. OdonataCentral: An online resource for the distribution and identification of Odonata."," ",NA,2009,"Odonata Central","",NA,"","","","Extant (resident)","ANIMALIA","ARTHROPODA","INSECTA","ODONATA","AESHNIDAE","Aeshna","LC",44.75270081,-74.25589752
2948150,50959126,"Aeshna eremita",1,1,1,"OdonataCentral",2017,"Abbott, J.C. 2006-2017. OdonataCentral: An online resource for the distribution and identification of Odonata."," ",NA,2009,"Odonata Central","",NA,"","","","Extant (resident)","ANIMALIA","ARTHROPODA","INSECTA","ODONATA","AESHNIDAE","Aeshna","LC",46.26509857,-113.80000305
2948151,50959126,"Aeshna eremita",1,1,1,"OdonataCentral",2017,"Abbott, J.C. 2006-2017. OdonataCentral: An online resource for the distribution and identification of Odonata."," ",NA,2009,"Odonata Central","",NA,"","","","Extant (resident)","ANIMALIA","ARTHROPODA","INSECTA","ODONATA","AESHNIDAE","Aeshna","LC",46.50109863,-111.21099854
2948152,50959126,"Aeshna eremita",1,1,1,"OdonataCentral",2017,"Abbott, J.C. 2006-2017. OdonataCentral: An online resource for the distribution and identification of Odonata."," ",NA,2009,"Odonata Central","",NA,"","","","Extant (resident)","ANIMALIA","ARTHROPODA","INSECTA","ODONATA","AESHNIDAE","Aeshna","LC",46.92760086,-112.85399628
2948153,50959126,"Aeshna eremita",1,1,1,"OdonataCentral",2017,"Abbott, J.C. 2006-2017. OdonataCentral: An online resource for the distribution and identification of Odonata."," ",NA,2009,"Odonata Central","",NA,"","","","Extant (resident)","ANIMALIA","ARTHROPODA","INSECTA","ODONATA","AESHNIDAE","Aeshna","LC",48.08610153,-115.16000366
2948154,50959126,"Aeshna eremita",1,1,1,"OdonataCentral",2017,"Abbott, J.C. 2006-2017. OdonataCentral: An online resource for the distribution and identification of Odonata."," ",NA,2009,"Odonata Central","",NA,"","","","Extant (resident)","ANIMALIA","ARTHROPODA","INSECTA","ODONATA","AESHNIDAE","Aeshna","LC",51.18740082,-96.6364975
2948155,50959126,"Aeshna eremita",1,1,1,"OdonataCentral",2017,"Abbott, J.C. 2006-2017. OdonataCentral: An online resource for the distribution and identification of Odonata."," ",NA,1991,"Odonata Central","",NA,"","","","Extant (resident)","ANIMALIA","ARTHROPODA","INSECTA","ODONATA","AESHNIDAE","Aeshna","LC",47.52000046,-91.37999725
2948156,50959126,"Aeshna eremita",1,1,1,"OdonataCentral",2017,"Abbott, J.C. 2006-2017. OdonataCentral: An online resource for the distribution and identification of Odonata."," ",NA,2010,"Odonata Central","",NA,"","","","Extant (resident)","ANIMALIA","ARTHROPODA","INSECTA","ODONATA","AESHNIDAE","Aeshna","LC",40.7215004,-110.86599731
2948157,50959126,"Aeshna eremita",1,1,1,"OdonataCentral",2017,"Abbott, J.C. 2006-2017. OdonataCentral: An online resource for the distribution and identification of Odonata."," ",NA,2010,"Odonata Central","",NA,"","","","Extant (resident)","ANIMALIA","ARTHROPODA","INSECTA","ODONATA","AESHNIDAE","Aeshna","LC",40.84429932,-109.9980011
2948158,50959126,"Aeshna eremita",1,1,1,"OdonataCentral",2017,"Abbott, J.C. 2006-2017. OdonataCentral: An online resource for the distribution and identification of Odonata."," ",NA,2010,"Odonata Central","",NA,"","","","Extant (resident)","ANIMALIA","ARTHROPODA","INSECTA","ODONATA","AESHNIDAE","Aeshna","LC",40.88710022,-109.84899902
2948159,50959126,"Aeshna eremita",1,1,1,"OdonataCentral",2017,"Abbott, J.C. 2006-2017. OdonataCentral: An online resource for the distribution and identification of Odonata."," ",NA,2010,"Odonata Central","",NA,"","","","Extant (resident)","ANIMALIA","ARTHROPODA","INSECTA","ODONATA","AESHNIDAE","Aeshna","LC",44.34980011,-72.96959686
2948160,50959126,"Aeshna eremita",1,1,1,"OdonataCentral",2017,"Abbott, J.C. 2006-2017. OdonataCentral: An online resource for the distribution and identification of Odonata."," ",NA,2010,"Odonata Central","",NA,"","","","Extant (resident)","ANIMALIA","ARTHROPODA","INSECTA","ODONATA","AESHNIDAE","Aeshna","LC",44.87580109,-111.76999664
2948161,50959126,"Aeshna eremita",1,1,1,"OdonataCentral",2017,"Abbott, J.C. 2006-2017. OdonataCentral: An online resource for the distribution and identification of Odonata."," ",NA,2010,"Odonata Central","",NA,"","","","Extant (resident)","ANIMALIA","ARTHROPODA","INSECTA","ODONATA","AESHNIDAE","Aeshna","LC",45.2098999,-71.16729736
2948162,50959126,"Aeshna eremita",1,1,1,"OdonataCentral",2017,"Abbott, J.C. 2006-2017. OdonataCentral: An online resource for the distribution and identification of Odonata."," ",NA,2010,"Odonata Central","",NA,"","","","Extant (resident)","ANIMALIA","ARTHROPODA","INSECTA","ODONATA","AESHNIDAE","Aeshna","LC",46.62009811,-111.93800354
2948163,50959126,"Aeshna eremita",1,1,1,"OdonataCentral",2017,"Abbott, J.C. 2006-2017. OdonataCentral: An online resource for the distribution and identification of Odonata."," ",NA,2010,"Odonata Central","",NA,"","","","Extant (resident)","ANIMALIA","ARTHROPODA","INSECTA","ODONATA","AESHNIDAE","Aeshna","LC",47.88420105,-90.19360352
2948164,50959126,"Aeshna eremita",1,1,1,"OdonataCentral",2017,"Abbott, J.C. 2006-2017. OdonataCentral: An online resource for the distribution and identification of Odonata."," ",NA,2010,"Odonata Central","",NA,"","","","Extant (resident)","ANIMALIA","ARTHROPODA","INSECTA","ODONATA","AESHNIDAE","Aeshna","LC",48.17200089,-112.80699921
2948165,50959126,"Aeshna eremita",1,1,1,"OdonataCentral",2017,"Abbott, J.C. 2006-2017. OdonataCentral: An online resource for the distribution and identification of Odonata."," ",NA,2010,"Odonata Central","",NA,"","","","Extant (resident)","ANIMALIA","ARTHROPODA","INSECTA","ODONATA","AESHNIDAE","Aeshna","LC",48.3125,-120.27600098
2948166,50959126,"Aeshna eremita",1,1,1,"OdonataCentral",2017,"Abbott, J.C. 2006-2017. OdonataCentral: An online resource for the distribution and identification of Odonata."," ",NA,2010,"Odonata Central","",NA,"","","","Extant (resident)","ANIMALIA","ARTHROPODA","INSECTA","ODONATA","AESHNIDAE","Aeshna","LC",48.9762001,-113.55400085
2948167,50959126,"Aeshna eremita",1,1,1,"OdonataCentral",2017,"Abbott, J.C. 2006-2017. OdonataCentral: An online resource for the distribution and identification of Odonata."," ",NA,2008,"Odonata Central","",NA,"","","","Extant (resident)","ANIMALIA","ARTHROPODA","INSECTA","ODONATA","AESHNIDAE","Aeshna","LC",43.61520004,-74.75140381
2948168,50959126,"Aeshna eremita",1,1,1,"OdonataCentral",2017,"Abbott, J.C. 2006-2017. OdonataCentral: An online resource for the distribution and identification of Odonata."," ",NA,2008,"Odonata Central","",NA,"","","","Extant (resident)","ANIMALIA","ARTHROPODA","INSECTA","ODONATA","AESHNIDAE","Aeshna","LC",43.6283989,-74.67240143
2948169,50959126,"Aeshna eremita",1,1,1,"OdonataCentral",2017,"Abbott, J.C. 2006-2017. OdonataCentral: An online resource for the distribution and identification of Odonata."," ",NA,2008,"Odonata Central","",NA,"","","","Extant (resident)","ANIMALIA","ARTHROPODA","INSECTA","ODONATA","AESHNIDAE","Aeshna","LC",43.63259888,-74.68280029
2948170,50959126,"Aeshna eremita",1,1,1,"OdonataCentral",2017,"Abbott, J.C. 2006-2017. OdonataCentral: An online resource for the distribution and identification of Odonata."," ",NA,2008,"Odonata Central","",NA,"","","","Extant (resident)","ANIMALIA","ARTHROPODA","INSECTA","ODONATA","AESHNIDAE","Aeshna","LC",43.70529938,-74.40029907
2948171,50959126,"Aeshna eremita",1,1,1,"OdonataCentral",2017,"Abbott, J.C. 2006-2017. OdonataCentral: An online resource for the distribution and identification of Odonata."," ",NA,2008,"Odonata Central","",NA,"","","","Extant (resident)","ANIMALIA","ARTHROPODA","INSECTA","ODONATA","AESHNIDAE","Aeshna","LC",43.98820114,-74.24160004
2948172,50959126,"Aeshna eremita",1,1,1,"OdonataCentral",2017,"Abbott, J.C. 2006-2017. OdonataCentral: An online resource for the distribution and identification of Odonata."," ",NA,2008,"Odonata Central","",NA,"","","","Extant (resident)","ANIMALIA","ARTHROPODA","INSECTA","ODONATA","AESHNIDAE","Aeshna","LC",44.11819839,-74.64649963
2948173,50959126,"Aeshna eremita",1,1,1,"OdonataCentral",2017,"Abbott, J.C. 2006-2017. OdonataCentral: An online resource for the distribution and identification of Odonata."," ",NA,2008,"Odonata Central","",NA,"","","","Extant (resident)","ANIMALIA","ARTHROPODA","INSECTA","ODONATA","AESHNIDAE","Aeshna","LC",44.20740128,-75.23459625
2948174,50959126,"Aeshna eremita",1,1,1,"OdonataCentral",2017,"Abbott, J.C. 2006-2017. OdonataCentral: An online resource for the distribution and identification of Odonata."," ",NA,2008,"Odonata Central","",NA,"","","","Extant (resident)","ANIMALIA","ARTHROPODA","INSECTA","ODONATA","AESHNIDAE","Aeshna","LC",44.33969879,-74.41210175
2948175,50959126,"Aeshna eremita",1,1,1,"OdonataCentral",2017,"Abbott, J.C. 2006-2017. OdonataCentral: An online resource for the distribution and identification of Odonata."," ",NA,2008,"Odonata Central","",NA,"","","","Extant (resident)","ANIMALIA","ARTHROPODA","INSECTA","ODONATA","AESHNIDAE","Aeshna","LC",46.07080078,-113.25800323
2948176,50959126,"Aeshna eremita",1,1,1,"OdonataCentral",2017,"Abbott, J.C. 2006-2017. OdonataCentral: An online resource for the distribution and identification of Odonata."," ",NA,2008,"Odonata Central","",NA,"","","","Extant (resident)","ANIMALIA","ARTHROPODA","INSECTA","ODONATA","AESHNIDAE","Aeshna","LC",46.23260117,-113.7559967
2948177,50959126,"Aeshna eremita",1,1,1,"OdonataCentral",2017,"Abbott, J.C. 2006-2017. OdonataCentral: An online resource for the distribution and identification of Odonata."," ",NA,2008,"Odonata Central","",NA,"","","","Extant (resident)","ANIMALIA","ARTHROPODA","INSECTA","ODONATA","AESHNIDAE","Aeshna","LC",46.42029953,-112.98899841
2948178,50959126,"Aeshna eremita",1,1,1,"OdonataCentral",2017,"Abbott, J.C. 2006-2017. OdonataCentral: An online resource for the distribution and identification of Odonata."," ",NA,2008,"Odonata Central","",NA,"","","","Extant (resident)","ANIMALIA","ARTHROPODA","INSECTA","ODONATA","AESHNIDAE","Aeshna","LC",47.33810043,-91.81130219
2948179,50959126,"Aeshna eremita",1,1,1,"OdonataCentral",2017,"Abbott, J.C. 2006-2017. OdonataCentral: An online resource for the distribution and identification of Odonata."," ",NA,2008,"Odonata Central","",NA,"","","","Extant (resident)","ANIMALIA","ARTHROPODA","INSECTA","ODONATA","AESHNIDAE","Aeshna","LC",47.4178009,-94.56230164
2948180,50959126,"Aeshna eremita",1,1,1,"OdonataCentral",2017,"Abbott, J.C. 2006-2017. OdonataCentral: An online resource for the distribution and identification of Odonata."," ",NA,2008,"Odonata Central","",NA,"","","","Extant (resident)","ANIMALIA","ARTHROPODA","INSECTA","ODONATA","AESHNIDAE","Aeshna","LC",48.05139923,-90.12290192
2948181,50959126,"Aeshna eremita",1,1,1,"OdonataCentral",2017,"Abbott, J.C. 2006-2017. OdonataCentral: An online resource for the distribution and identification of Odonata."," ",NA,2008,"Odonata Central","",NA,"","","","Extant (resident)","ANIMALIA","ARTHROPODA","INSECTA","ODONATA","AESHNIDAE","Aeshna","LC",48.65710068,-117.48699951
2948182,50959126,"Aeshna eremita",1,1,1,"OdonataCentral",2017,"Abbott, J.C. 2006-2017. OdonataCentral: An online resource for the distribution and identification of Odonata."," ",NA,2008,"Odonata Central","",NA,"","","","Extant (resident)","ANIMALIA","ARTHROPODA","INSECTA","ODONATA","AESHNIDAE","Aeshna","LC",49.77529907,-94.65350342
2948183,50959126,"Aeshna eremita",1,1,1,"OdonataCentral",2017,"Abbott, J.C. 2006-2017. OdonataCentral: An online resource for the distribution and identification of Odonata."," ",NA,2008,"Odonata Central","",NA,"","","","Extant (resident)","ANIMALIA","ARTHROPODA","INSECTA","ODONATA","AESHNIDAE","Aeshna","LC",53.97740173,-101.19300079
2948184,50959126,"Aeshna eremita",1,1,1,"OdonataCentral",2017,"Abbott, J.C. 2006-2017. OdonataCentral: An online resource for the distribution and identification of Odonata."," ",NA,2011,"Odonata Central","",NA,"","","","Extant (resident)","ANIMALIA","ARTHROPODA","INSECTA","ODONATA","AESHNIDAE","Aeshna","LC",40.67919922,-110.91799927
2948185,50959126,"Aeshna eremita",1,1,1,"OdonataCentral",2017,"Abbott, J.C. 2006-2017. OdonataCentral: An online resource for the distribution and identification of Odonata."," ",NA,2011,"Odonata Central","",NA,"","","","Extant (resident)","ANIMALIA","ARTHROPODA","INSECTA","ODONATA","AESHNIDAE","Aeshna","LC",40.68119812,-110.93699646
2948186,50959126,"Aeshna eremita",1,1,1,"OdonataCentral",2017,"Abbott, J.C. 2006-2017. OdonataCentral: An online resource for the distribution and identification of Odonata."," ",NA,2011,"Odonata Central","",NA,"","","","Extant (resident)","ANIMALIA","ARTHROPODA","INSECTA","ODONATA","AESHNIDAE","Aeshna","LC",44.46070099,-93.18180084
2948187,50959126,"Aeshna eremita",1,1,1,"OdonataCentral",2017,"Abbott, J.C. 2006-2017. OdonataCentral: An online resource for the distribution and identification of Odonata."," ",NA,2011,"Odonata Central","",NA,"","","","Extant (resident)","ANIMALIA","ARTHROPODA","INSECTA","ODONATA","AESHNIDAE","Aeshna","LC",44.70769882,-71.62830353
2948188,50959126,"Aeshna eremita",1,1,1,"OdonataCentral",2017,"Abbott, J.C. 2006-2017. OdonataCentral: An online resource for the distribution and identification of Odonata."," ",NA,2011,"Odonata Central","",NA,"","","","Extant (resident)","ANIMALIA","ARTHROPODA","INSECTA","ODONATA","AESHNIDAE","Aeshna","LC",45.29050064,-109.62799835
2948189,50959126,"Aeshna eremita",1,1,1,"OdonataCentral",2017,"Abbott, J.C. 2006-2017. OdonataCentral: An online resource for the distribution and identification of Odonata."," ",NA,2011,"Odonata Central","",NA,"","","","Extant (resident)","ANIMALIA","ARTHROPODA","INSECTA","ODONATA","AESHNIDAE","Aeshna","LC",46.43629837,-112.19100189
2948190,50959126,"Aeshna eremita",1,1,1,"OdonataCentral",2017,"Abbott, J.C. 2006-2017. OdonataCentral: An online resource for the distribution and identification of Odonata."," ",NA,2011,"Odonata Central","",NA,"","","","Extant (resident)","ANIMALIA","ARTHROPODA","INSECTA","ODONATA","AESHNIDAE","Aeshna","LC",47.19680023,-95.22190094
2948191,50959126,"Aeshna eremita",1,1,1,"OdonataCentral",2017,"Abbott, J.C. 2006-2017. OdonataCentral: An online resource for the distribution and identification of Odonata."," ",NA,2011,"Odonata Central","",NA,"","","","Extant (resident)","ANIMALIA","ARTHROPODA","INSECTA","ODONATA","AESHNIDAE","Aeshna","LC",47.37350082,-91.22859955
2948192,50959126,"Aeshna eremita",1,1,1,"OdonataCentral",2017,"Abbott, J.C. 2006-2017. OdonataCentral: An online resource for the distribution and identification of Odonata."," ",NA,2011,"Odonata Central","",NA,"","","","Extant (resident)","ANIMALIA","ARTHROPODA","INSECTA","ODONATA","AESHNIDAE","Aeshna","LC",47.8628006,-115.2009964
2948193,50959126,"Aeshna eremita",1,1,1,"OdonataCentral",2017,"Abbott, J.C. 2006-2017. OdonataCentral: An online resource for the distribution and identification of Odonata."," ",NA,2011,"Odonata Central","",NA,"","","","Extant (resident)","ANIMALIA","ARTHROPODA","INSECTA","ODONATA","AESHNIDAE","Aeshna","LC",48.28699875,-94.56759644
2948194,50959126,"Aeshna eremita",1,1,1,"OdonataCentral",2017,"Abbott, J.C. 2006-2017. OdonataCentral: An online resource for the distribution and identification of Odonata."," ",NA,2011,"Odonata Central","",NA,"","","","Extant (resident)","ANIMALIA","ARTHROPODA","INSECTA","ODONATA","AESHNIDAE","Aeshna","LC",49.51649857,-96.35119629
2948195,50959126,"Aeshna eremita",1,1,1,"OdonataCentral",2017,"Abbott, J.C. 2006-2017. OdonataCentral: An online resource for the distribution and identification of Odonata."," ",NA,2011,"Odonata Central","",NA,"","","","Extant (resident)","ANIMALIA","ARTHROPODA","INSECTA","ODONATA","AESHNIDAE","Aeshna","LC",49.73469925,-95.18060303
2948196,50959126,"Aeshna eremita",1,1,1,"OdonataCentral",2017,"Abbott, J.C. 2006-2017. OdonataCentral: An online resource for the distribution and identification of Odonata."," ",NA,2011,"Odonata Central","",NA,"","","","Extant (resident)","ANIMALIA","ARTHROPODA","INSECTA","ODONATA","AESHNIDAE","Aeshna","LC",51.18379974,-96.66500092
2948197,50959126,"Aeshna eremita",1,1,1,"OdonataCentral",2017,"Abbott, J.C. 2006-2017. OdonataCentral: An online resource for the distribution and identification of Odonata."," ",NA,2011,"Odonata Central","",NA,"","","","Extant (resident)","ANIMALIA","ARTHROPODA","INSECTA","ODONATA","AESHNIDAE","Aeshna","LC",51.89070129,-106.80999756
2948198,50959126,"Aeshna eremita",1,1,1,"OdonataCentral",2017,"Abbott, J.C. 2006-2017. OdonataCentral: An online resource for the distribution and identification of Odonata."," ",NA,2012,"Odonata Central","",NA,"","","","Extant (resident)","ANIMALIA","ARTHROPODA","INSECTA","ODONATA","AESHNIDAE","Aeshna","LC",40.31230164,-105.64600372
2948199,50959126,"Aeshna eremita",1,1,1,"OdonataCentral",2017,"Abbott, J.C. 2006-2017. OdonataCentral: An online resource for the distribution and identification of Odonata."," ",NA,2012,"Odonata Central","",NA,"","","","Extant (resident)","ANIMALIA","ARTHROPODA","INSECTA","ODONATA","AESHNIDAE","Aeshna","LC",40.68460083,-110.87799835
2948200,50959126,"Aeshna eremita",1,1,1,"OdonataCentral",2017,"Abbott, J.C. 2006-2017. OdonataCentral: An online resource for the distribution and identification of Odonata."," ",NA,2012,"Odonata Central","",NA,"","","","Extant (resident)","ANIMALIA","ARTHROPODA","INSECTA","ODONATA","AESHNIDAE","Aeshna","LC",40.73889923,-109.73000336
2948201,50959126,"Aeshna eremita",1,1,1,"OdonataCentral",2017,"Abbott, J.C. 2006-2017. OdonataCentral: An online resource for the distribution and identification of Odonata."," ",NA,2012,"Odonata Central","",NA,"","","","Extant (resident)","ANIMALIA","ARTHROPODA","INSECTA","ODONATA","AESHNIDAE","Aeshna","LC",40.75419998,-110.09999847
2948202,50959126,"Aeshna eremita",1,1,1,"OdonataCentral",2017,"Abbott, J.C. 2006-2017. OdonataCentral: An online resource for the distribution and identification of Odonata."," ",NA,2012,"Odonata Central","",NA,"","","","Extant (resident)","ANIMALIA","ARTHROPODA","INSECTA","ODONATA","AESHNIDAE","Aeshna","LC",44.5564003,-72.77570343
2948203,50959126,"Aeshna eremita",1,1,1,"OdonataCentral",2017,"Abbott, J.C. 2006-2017. OdonataCentral: An online resource for the distribution and identification of Odonata."," ",NA,2012,"Odonata Central","",NA,"","","","Extant (resident)","ANIMALIA","ARTHROPODA","INSECTA","ODONATA","AESHNIDAE","Aeshna","LC",45.32929993,-93.21970367
2948204,50959126,"Aeshna eremita",1,1,1,"OdonataCentral",2017,"Abbott, J.C. 2006-2017. OdonataCentral: An online resource for the distribution and identification of Odonata."," ",NA,2012,"Odonata Central","",NA,"","","","Extant (resident)","ANIMALIA","ARTHROPODA","INSECTA","ODONATA","AESHNIDAE","Aeshna","LC",45.98089981,-90.51850128
2948205,50959126,"Aeshna eremita",1,1,1,"OdonataCentral",2017,"Abbott, J.C. 2006-2017. OdonataCentral: An online resource for the distribution and identification of Odonata."," ",NA,2012,"Odonata Central","",NA,"","","","Extant (resident)","ANIMALIA","ARTHROPODA","INSECTA","ODONATA","AESHNIDAE","Aeshna","LC",46.31729889,-90.85800171
2948206,50959126,"Aeshna eremita",1,1,1,"OdonataCentral",2017,"Abbott, J.C. 2006-2017. OdonataCentral: An online resource for the distribution and identification of Odonata."," ",NA,2012,"Odonata Central","",NA,"","","","Extant (resident)","ANIMALIA","ARTHROPODA","INSECTA","ODONATA","AESHNIDAE","Aeshna","LC",46.43719864,-92.73329926
2948207,50959126,"Aeshna eremita",1,1,1,"OdonataCentral",2017,"Abbott, J.C. 2006-2017. OdonataCentral: An online resource for the distribution and identification of Odonata."," ",NA,2012,"Odonata Central","",NA,"","","","Extant (resident)","ANIMALIA","ARTHROPODA","INSECTA","ODONATA","AESHNIDAE","Aeshna","LC",52.10240173,-106.63700104
2948208,50959126,"Aeshna eremita",1,1,1,"OdonataCentral",2017,"Abbott, J.C. 2006-2017. OdonataCentral: An online resource for the distribution and identification of Odonata."," ",NA,2012,"Odonata Central","",NA,"","","","Extant (resident)","ANIMALIA","ARTHROPODA","INSECTA","ODONATA","AESHNIDAE","Aeshna","LC",60.46640015,-151.1269989
2948209,50959126,"Aeshna eremita",1,1,1,"OdonataCentral",2017,"Abbott, J.C. 2006-2017. OdonataCentral: An online resource for the distribution and identification of Odonata."," ",NA,2013,"Odonata Central","",NA,"","","","Extant (resident)","ANIMALIA","ARTHROPODA","INSECTA","ODONATA","AESHNIDAE","Aeshna","LC",40.35029984,-105.6210022
2948210,50959126,"Aeshna eremita",1,1,1,"OdonataCentral",2017,"Abbott, J.C. 2006-2017. OdonataCentral: An online resource for the distribution and identification of Odonata."," ",NA,2013,"Odonata Central","",NA,"","","","Extant (resident)","ANIMALIA","ARTHROPODA","INSECTA","ODONATA","AESHNIDAE","Aeshna","LC",40.68330002,-110.96399689
2948211,50959126,"Aeshna eremita",1,1,1,"OdonataCentral",2017,"Abbott, J.C. 2006-2017. OdonataCentral: An online resource for the distribution and identification of Odonata."," ",NA,2013,"Odonata Central","",NA,"","","","Extant (resident)","ANIMALIA","ARTHROPODA","INSECTA","ODONATA","AESHNIDAE","Aeshna","LC",40.82749939,-110.93699646
2948212,50959126,"Aeshna eremita",1,1,1,"OdonataCentral",2017,"Abbott, J.C. 2006-2017. OdonataCentral: An online resource for the distribution and identification of Odonata."," ",NA,2013,"Odonata Central","",NA,"","","","Extant (resident)","ANIMALIA","ARTHROPODA","INSECTA","ODONATA","AESHNIDAE","Aeshna","LC",40.8484993,-110.88400269
2948213,50959126,"Aeshna eremita",1,1,1,"OdonataCentral",2017,"Abbott, J.C. 2006-2017. OdonataCentral: An online resource for the distribution and identification of Odonata."," ",NA,2013,"Odonata Central","",NA,"","","","Extant (resident)","ANIMALIA","ARTHROPODA","INSECTA","ODONATA","AESHNIDAE","Aeshna","LC",42.63349915,-108.83100128
2948214,50959126,"Aeshna eremita",1,1,1,"OdonataCentral",2017,"Abbott, J.C. 2006-2017. OdonataCentral: An online resource for the distribution and identification of Odonata."," ",NA,2013,"Odonata Central","",NA,"","","","Extant (resident)","ANIMALIA","ARTHROPODA","INSECTA","ODONATA","AESHNIDAE","Aeshna","LC",42.69760132,-108.98899841
2948215,50959126,"Aeshna eremita",1,1,1,"OdonataCentral",2017,"Abbott, J.C. 2006-2017. OdonataCentral: An online resource for the distribution and identification of Odonata."," ",NA,2013,"Odonata Central","",NA,"","","","Extant (resident)","ANIMALIA","ARTHROPODA","INSECTA","ODONATA","AESHNIDAE","Aeshna","LC",43.7159996,-72.56780243
2948216,50959126,"Aeshna eremita",1,1,1,"OdonataCentral",2017,"Abbott, J.C. 2006-2017. OdonataCentral: An online resource for the distribution and identification of Odonata."," ",NA,2013,"Odonata Central","",NA,"","","","Extant (resident)","ANIMALIA","ARTHROPODA","INSECTA","ODONATA","AESHNIDAE","Aeshna","LC",43.81809998,-74.85540009
2948217,50959126,"Aeshna eremita",1,1,1,"OdonataCentral",2017,"Abbott, J.C. 2006-2017. OdonataCentral: An online resource for the distribution and identification of Odonata."," ",NA,2013,"Odonata Central","",NA,"","","","Extant (resident)","ANIMALIA","ARTHROPODA","INSECTA","ODONATA","AESHNIDAE","Aeshna","LC",44.30220032,-72.30419922
2948218,50959126,"Aeshna eremita",1,1,1,"OdonataCentral",2017,"Abbott, J.C. 2006-2017. OdonataCentral: An online resource for the distribution and identification of Odonata."," ",NA,2013,"Odonata Central","",NA,"","","","Extant (resident)","ANIMALIA","ARTHROPODA","INSECTA","ODONATA","AESHNIDAE","Aeshna","LC",49.27159882,-115.23000336
2948219,50959126,"Aeshna eremita",1,1,1,"OdonataCentral",2017,"Abbott, J.C. 2006-2017. OdonataCentral: An online resource for the distribution and identification of Odonata."," ",NA,2013,"Odonata Central","",NA,"","","","Extant (resident)","ANIMALIA","ARTHROPODA","INSECTA","ODONATA","AESHNIDAE","Aeshna","LC",49.99700165,-95.4960022
2948220,50959126,"Aeshna eremita",1,1,1,"OdonataCentral",2017,"Abbott, J.C. 2006-2017. OdonataCentral: An online resource for the distribution and identification of Odonata."," ",NA,2013,"Odonata Central","",NA,"","","","Extant (resident)","ANIMALIA","ARTHROPODA","INSECTA","ODONATA","AESHNIDAE","Aeshna","LC",59.53219986,-101.23100281
2948221,50959126,"Aeshna eremita",1,1,1,"OdonataCentral",2017,"Abbott, J.C. 2006-2017. OdonataCentral: An online resource for the distribution and identification of Odonata."," ",NA,2013,"Odonata Central","",NA,"","","","Extant (resident)","ANIMALIA","ARTHROPODA","INSECTA","ODONATA","AESHNIDAE","Aeshna","LC",60.48289871,-149.83799744
2948222,50959126,"Aeshna eremita",1,1,1,"OdonataCentral",2017,"Abbott, J.C. 2006-2017. OdonataCentral: An online resource for the distribution and identification of Odonata."," ",NA,2014,"Odonata Central","",NA,"","","","Extant (resident)","ANIMALIA","ARTHROPODA","INSECTA","ODONATA","AESHNIDAE","Aeshna","LC",39.97750092,-105.50900269
2948223,50959126,"Aeshna eremita",1,1,1,"OdonataCentral",2017,"Abbott, J.C. 2006-2017. OdonataCentral: An online resource for the distribution and identification of Odonata."," ",NA,2014,"Odonata Central","",NA,"","","","Extant (resident)","ANIMALIA","ARTHROPODA","INSECTA","ODONATA","AESHNIDAE","Aeshna","LC",40.94800186,-110.31500244
2948224,50959126,"Aeshna eremita",1,1,1,"OdonataCentral",2017,"Abbott, J.C. 2006-2017. OdonataCentral: An online resource for the distribution and identification of Odonata."," ",NA,2014,"Odonata Central","",NA,"","","","Extant (resident)","ANIMALIA","ARTHROPODA","INSECTA","ODONATA","AESHNIDAE","Aeshna","LC",44.21220016,-72.93499756
2948225,50959126,"Aeshna eremita",1,1,1,"OdonataCentral",2017,"Abbott, J.C. 2006-2017. OdonataCentral: An online resource for the distribution and identification of Odonata."," ",NA,2014,"Odonata Central","",NA,"","","","Extant (resident)","ANIMALIA","ARTHROPODA","INSECTA","ODONATA","AESHNIDAE","Aeshna","LC",48.2179985,-114.21399689
2948226,50959126,"Aeshna eremita",1,1,1,"OdonataCentral",2017,"Abbott, J.C. 2006-2017. OdonataCentral: An online resource for the distribution and identification of Odonata."," ",NA,2014,"Odonata Central","",NA,"","","","Extant (resident)","ANIMALIA","ARTHROPODA","INSECTA","ODONATA","AESHNIDAE","Aeshna","LC",48.72460175,-95.1414032
2948227,50959126,"Aeshna eremita",1,1,1,"OdonataCentral",2017,"Abbott, J.C. 2006-2017. OdonataCentral: An online resource for the distribution and identification of Odonata."," ",NA,2014,"Odonata Central","",NA,"","","","Extant (resident)","ANIMALIA","ARTHROPODA","INSECTA","ODONATA","AESHNIDAE","Aeshna","LC",48.72499847,-95.14099884
2948228,50959126,"Aeshna eremita",1,1,1,"OdonataCentral",2017,"Abbott, J.C. 2006-2017. OdonataCentral: An online resource for the distribution and identification of Odonata."," ",NA,2015,"Odonata Central","",NA,"","","","Extant (resident)","ANIMALIA","ARTHROPODA","INSECTA","ODONATA","AESHNIDAE","Aeshna","LC",44.31110001,-68.34549713
2948229,50959126,"Aeshna eremita",1,1,1,"OdonataCentral",2017,"Abbott, J.C. 2006-2017. OdonataCentral: An online resource for the distribution and identification of Odonata."," ",NA,2015,"Odonata Central","",NA,"","","","Extant (resident)","ANIMALIA","ARTHROPODA","INSECTA","ODONATA","AESHNIDAE","Aeshna","LC",44.42739868,-72.74459839
2948230,50959126,"Aeshna eremita",1,1,1,"OdonataCentral",2017,"Abbott, J.C. 2006-2017. OdonataCentral: An online resource for the distribution and identification of Odonata."," ",NA,2015,"Odonata Central","",NA,"","","","Extant (resident)","ANIMALIA","ARTHROPODA","INSECTA","ODONATA","AESHNIDAE","Aeshna","LC",44.42839813,-72.74410248
2948231,50959126,"Aeshna eremita",1,1,1,"OdonataCentral",2017,"Abbott, J.C. 2006-2017. OdonataCentral: An online resource for the distribution and identification of Odonata."," ",NA,2015,"Odonata Central","",NA,"","","","Extant (resident)","ANIMALIA","ARTHROPODA","INSECTA","ODONATA","AESHNIDAE","Aeshna","LC",44.80419922,-91.52700043
2948232,50959126,"Aeshna eremita",1,1,1,"OdonataCentral",2017,"Abbott, J.C. 2006-2017. OdonataCentral: An online resource for the distribution and identification of Odonata."," ",NA,2015,"Odonata Central","",NA,"","","","Extant (resident)","ANIMALIA","ARTHROPODA","INSECTA","ODONATA","AESHNIDAE","Aeshna","LC",45.73289871,-90.33879852
2948233,50959126,"Aeshna eremita",1,1,1,"OdonataCentral",2017,"Abbott, J.C. 2006-2017. OdonataCentral: An online resource for the distribution and identification of Odonata."," ",NA,2015,"Odonata Central","",NA,"","","","Extant (resident)","ANIMALIA","ARTHROPODA","INSECTA","ODONATA","AESHNIDAE","Aeshna","LC",47.47499847,-91.11309814
2948234,50959126,"Aeshna eremita",1,1,1,"OdonataCentral",2017,"Abbott, J.C. 2006-2017. OdonataCentral: An online resource for the distribution and identification of Odonata."," ",NA,2015,"Odonata Central","",NA,"","","","Extant (resident)","ANIMALIA","ARTHROPODA","INSECTA","ODONATA","AESHNIDAE","Aeshna","LC",47.85409927,-112.5490036
2948235,50959126,"Aeshna eremita",1,1,1,"OdonataCentral",2017,"Abbott, J.C. 2006-2017. OdonataCentral: An online resource for the distribution and identification of Odonata."," ",NA,2015,"Odonata Central","",NA,"","","","Extant (resident)","ANIMALIA","ARTHROPODA","INSECTA","ODONATA","AESHNIDAE","Aeshna","LC",49.73469925,-95.18060303
2948236,50959126,"Aeshna eremita",1,1,1,"OdonataCentral",2017,"Abbott, J.C. 2006-2017. OdonataCentral: An online resource for the distribution and identification of Odonata."," ",NA,2015,"Odonata Central","",NA,"","","","Extant (resident)","ANIMALIA","ARTHROPODA","INSECTA","ODONATA","AESHNIDAE","Aeshna","LC",49.94070053,-96.20259857
2948237,50959126,"Aeshna eremita",1,1,1,"OdonataCentral",2017,"Abbott, J.C. 2006-2017. OdonataCentral: An online resource for the distribution and identification of Odonata."," ",NA,2015,"Odonata Central","",NA,"","","","Extant (resident)","ANIMALIA","ARTHROPODA","INSECTA","ODONATA","AESHNIDAE","Aeshna","LC",50.47159958,-95.20149994
2948238,50959126,"Aeshna eremita",1,1,1,"OdonataCentral",2017,"Abbott, J.C. 2006-2017. OdonataCentral: An online resource for the distribution and identification of Odonata."," ",NA,2016,"Odonata Central","",NA,"","","","Extant (resident)","ANIMALIA","ARTHROPODA","INSECTA","ODONATA","AESHNIDAE","Aeshna","LC",40.68159866,-110.94000244
2948239,50959126,"Aeshna eremita",1,1,1,"OdonataCentral",2017,"Abbott, J.C. 2006-2017. OdonataCentral: An online resource for the distribution and identification of Odonata."," ",NA,2016,"Odonata Central","",NA,"","","","Extant (resident)","ANIMALIA","ARTHROPODA","INSECTA","ODONATA","AESHNIDAE","Aeshna","LC",40.68280029,-110.96399689
2948240,50959126,"Aeshna eremita",1,1,1,"OdonataCentral",2017,"Abbott, J.C. 2006-2017. OdonataCentral: An online resource for the distribution and identification of Odonata."," ",NA,2016,"Odonata Central","",NA,"","","","Extant (resident)","ANIMALIA","ARTHROPODA","INSECTA","ODONATA","AESHNIDAE","Aeshna","LC",40.68360138,-110.96299744
2948241,50959126,"Aeshna eremita",1,1,1,"OdonataCentral",2017,"Abbott, J.C. 2006-2017. OdonataCentral: An online resource for the distribution and identification of Odonata."," ",NA,2016,"Odonata Central","",NA,"","","","Extant (resident)","ANIMALIA","ARTHROPODA","INSECTA","ODONATA","AESHNIDAE","Aeshna","LC",44.11190033,-75.07119751
2948242,50959126,"Aeshna eremita",1,1,1,"OdonataCentral",2017,"Abbott, J.C. 2006-2017. OdonataCentral: An online resource for the distribution and identification of Odonata."," ",NA,2016,"Odonata Central","",NA,"","","","Extant (resident)","ANIMALIA","ARTHROPODA","INSECTA","ODONATA","AESHNIDAE","Aeshna","LC",44.2120018,-72.93479919
2948243,50959126,"Aeshna eremita",1,1,1,"OdonataCentral",2017,"Abbott, J.C. 2006-2017. OdonataCentral: An online resource for the distribution and identification of Odonata."," ",NA,2016,"Odonata Central","",NA,"","","","Extant (resident)","ANIMALIA","ARTHROPODA","INSECTA","ODONATA","AESHNIDAE","Aeshna","LC",44.24580002,-72.10610199
2948244,50959126,"Aeshna eremita",1,1,1,"OdonataCentral",2017,"Abbott, J.C. 2006-2017. OdonataCentral: An online resource for the distribution and identification of Odonata."," ",NA,2016,"Odonata Central","",NA,"","","","Extant (resident)","ANIMALIA","ARTHROPODA","INSECTA","ODONATA","AESHNIDAE","Aeshna","LC",44.34479904,-75.26049805
2948245,50959126,"Aeshna eremita",1,1,1,"OdonataCentral",2017,"Abbott, J.C. 2006-2017. OdonataCentral: An online resource for the distribution and identification of Odonata."," ",NA,2016,"Odonata Central","",NA,"","","","Extant (resident)","ANIMALIA","ARTHROPODA","INSECTA","ODONATA","AESHNIDAE","Aeshna","LC",44.38259888,-72.73139954
2948246,50959126,"Aeshna eremita",1,1,1,"OdonataCentral",2017,"Abbott, J.C. 2006-2017. OdonataCentral: An online resource for the distribution and identification of Odonata."," ",NA,2016,"Odonata Central","",NA,"","","","Extant (resident)","ANIMALIA","ARTHROPODA","INSECTA","ODONATA","AESHNIDAE","Aeshna","LC",44.96640015,-67.16999817
2948247,50959126,"Aeshna eremita",1,1,1,"OdonataCentral",2017,"Abbott, J.C. 2006-2017. OdonataCentral: An online resource for the distribution and identification of Odonata."," ",NA,2016,"Odonata Central","",NA,"","","","Extant (resident)","ANIMALIA","ARTHROPODA","INSECTA","ODONATA","AESHNIDAE","Aeshna","LC",45.04959869,-67.18190002
2948248,50959126,"Aeshna eremita",1,1,1,"OdonataCentral",2017,"Abbott, J.C. 2006-2017. OdonataCentral: An online resource for the distribution and identification of Odonata."," ",NA,2016,"Odonata Central","",NA,"","","","Extant (resident)","ANIMALIA","ARTHROPODA","INSECTA","ODONATA","AESHNIDAE","Aeshna","LC",45.84209824,-90.27490234
2948249,50959126,"Aeshna eremita",1,1,1,"OdonataCentral",2017,"Abbott, J.C. 2006-2017. OdonataCentral: An online resource for the distribution and identification of Odonata."," ",NA,2016,"Odonata Central","",NA,"","","","Extant (resident)","ANIMALIA","ARTHROPODA","INSECTA","ODONATA","AESHNIDAE","Aeshna","LC",49.00180054,-95.37879944
2948250,50959126,"Aeshna eremita",1,1,1,"OdonataCentral",2017,"Abbott, J.C. 2006-2017. OdonataCentral: An online resource for the distribution and identification of Odonata."," ",NA,2016,"Odonata Central","",NA,"","","","Extant (resident)","ANIMALIA","ARTHROPODA","INSECTA","ODONATA","AESHNIDAE","Aeshna","LC",50.10250092,-95.87940216
2948251,50959126,"Aeshna eremita",1,1,1,"OdonataCentral",2017,"Abbott, J.C. 2006-2017. OdonataCentral: An online resource for the distribution and identification of Odonata."," ",NA,2016,"Odonata Central","",NA,"","","","Extant (resident)","ANIMALIA","ARTHROPODA","INSECTA","ODONATA","AESHNIDAE","Aeshna","LC",51.13669968,-96.16819763
2948252,50959126,"Aeshna eremita",1,1,1,"OdonataCentral",2017,"Abbott, J.C. 2006-2017. OdonataCentral: An online resource for the distribution and identification of Odonata."," ",NA,2016,"Odonata Central","",NA,"","","","Extant (resident)","ANIMALIA","ARTHROPODA","INSECTA","ODONATA","AESHNIDAE","Aeshna","LC",53.8993988,-106.15699768
2948253,50959126,"Aeshna eremita",1,1,1,"OdonataCentral",2017,"Abbott, J.C. 2006-2017. OdonataCentral: An online resource for the distribution and identification of Odonata."," ",NA,2016,"Odonata Central","",NA,"","","","Extant (resident)","ANIMALIA","ARTHROPODA","INSECTA","ODONATA","AESHNIDAE","Aeshna","LC",53.90869904,-106.18599701
2948254,50959126,"Aeshna eremita",1,1,1,"OdonataCentral",2017,"Abbott, J.C. 2006-2017. OdonataCentral: An online resource for the distribution and identification of Odonata."," ",NA,2016,"Odonata Central","",NA,"","","","Extant (resident)","ANIMALIA","ARTHROPODA","INSECTA","ODONATA","AESHNIDAE","Aeshna","LC",53.9095993,-106.02100372
2948255,50959126,"Aeshna eremita",1,1,1,"OdonataCentral",2017,"Abbott, J.C. 2006-2017. OdonataCentral: An online resource for the distribution and identification of Odonata."," ",NA,2016,"Odonata Central","",NA,"","","","Extant (resident)","ANIMALIA","ARTHROPODA","INSECTA","ODONATA","AESHNIDAE","Aeshna","LC",53.92070007,-106.07099915
2948256,50959126,"Aeshna eremita",1,1,1,"OdonataCentral",2017,"Abbott, J.C. 2006-2017. OdonataCentral: An online resource for the distribution and identification of Odonata."," ",NA,2016,"Odonata Central","",NA,"","","","Extant (resident)","ANIMALIA","ARTHROPODA","INSECTA","ODONATA","AESHNIDAE","Aeshna","LC",53.96419907,-106.07099915
2948257,50959126,"Aeshna eremita",1,1,1,"OdonataCentral",2017,"Abbott, J.C. 2006-2017. OdonataCentral: An online resource for the distribution and identification of Odonata."," ",NA,2016,"Odonata Central","",NA,"","","","Extant (resident)","ANIMALIA","ARTHROPODA","INSECTA","ODONATA","AESHNIDAE","Aeshna","LC",59.64410019,-151.49299622
